system_name,is_central_hub,full_date,bid_ask_spread,calculated_destroyed_isk,total_trade_volume
Hentogaira,false,2026-08-24 00:00:00,1199000,,3597000
Ihakana,false,2026-08-25 00:00:00,1298000,,10384000
Ikami,false,2026-08-15 00:00:00,3364000,,6728000
Jita,true,2026-06-14 00:00:00,1400000,8400000,4200000
Jita,true,2026-06-18 00:00:00,1398000,5592000,6990000
Jita,true,2026-06-19 00:00:00,-828700,828700,16574000
Jita,true,2026-07-03 00:00:00,-890200,890200,44510000
Jita,true,2026-07-07 00:00:00,2410000,21690000,1212230000
Jita,true,2026-07-08 00:00:00,-955700,1911400,47785000
Jita,true,2026-07-11 00:00:00,-150000,900000,15000000
Jita,true,2026-07-13 00:00:00,2415000,,2898000000
Jita,true,2026-07-22 00:00:00,1500000,7500000,3000000
Jita,true,2026-07-26 00:00:00,1383000,13830000,23511000
Jita,true,2026-07-31 00:00:00,1386000,1386000,16632000
Jita,true,2026-08-01 00:00:00,1379000,9653000,275800000
Jita,true,2026-08-05 00:00:00,1374000,2748000,9618000
Jita,true,2026-08-06 00:00:00,1370000,9590000,32880000
Jita,true,2026-08-07 00:00:00,1300000,9310000,178960000
Jita,true,2026-08-09 00:00:00,1297000,7788000,15576000
Jita,true,2026-08-18 00:00:00,1290000,,109650000
Jita,true,2026-08-22 00:00:00,-956500,956500,43042500
Jita,true,2026-08-25 00:00:00,1280000,5120000,32000000
Jita,true,2026-08-26 00:00:00,-960800,2882400,28824000
Jita,true,2026-08-27 00:00:00,1350710,3426573,562128890
Jita,true,2026-08-31 00:00:00,1275000,12750000,127500000
Korsiki,false,2026-06-15 00:00:00,1239000,,99120000
Korsiki,false,2026-07-20 00:00:00,1200000,,1200000
Korsiki,false,2026-07-21 00:00:00,1200000,,1200000
Niyabainen,false,2026-08-26 00:00:00,1240000,,37200000
Osmon,false,2026-06-20 00:00:00,1200000,,16800000
Osmon,false,2026-07-13 00:00:00,1260000,,2520000
Osmon,false,2026-08-29 00:00:00,1150000,,2300000
Otsela,false,2026-08-23 00:00:00,1001000,,8008000
Perimeter,false,2026-08-13 00:00:00,-250000,,5000000
Uemon,false,2026-08-11 00:00:00,1700000,,13600000
Uitra,false,2026-07-19 00:00:00,1300000,,1300000
