system_name,full_date,is_central_hub,bid_ask_spread,calculated_destroyed_isk,total_trade_volume,total_trade_volume_billions,calculated_destroyed_isk_blns,volatility_severity
Jita,2026-08-15 00:00:00,True,,63150000.0,35153220059.8,35.153220059800006,0.06315,Severe
Jita,2026-07-21 00:00:00,True,,3000000.0,27807856136.8,27.807856136799998,0.003,Low
Jita,2026-08-21 00:00:00,True,,12321800.0,22405514289.37,22.40551428937,0.0123218,Moderate
Jita,2026-07-27 00:00:00,True,,1686500.0,15027812994.5,15.0278129945,0.0016865,Low
Jita,2026-08-22 00:00:00,True,,5119200.0,14567830470.1,14.5678304701,0.0051192,Low
Jita,2026-08-18 00:00:00,True,439500.0,15887875.0,11549377380.7,11.549377380700001,0.015887875,Moderate
Jita,2026-07-08 00:00:00,True,699900.0,8824000.0,9721714613.96,9.72171461396,0.008824,Moderate
Amarr,2026-08-28 00:00:00,False,246800000.0,1042924000.0,9595810000.0,9.59581,1.042924,Severe
Jita,2026-07-10 00:00:00,True,,1494000.0,7891744729.55,7.89174472955,0.001494,Low
Jita,2026-07-05 00:00:00,True,,1753200000.0,7258000000.0,7.258,1.7532,Severe
Jita,2026-08-31 00:00:00,True,,26893333.333333336,6885903000.0,6.885903,0.026893333333333335,Moderate
Jita,2026-08-19 00:00:00,True,441000.0,1003793666.6666666,6686723465.6,6.6867234656,1.0037936666666667,Severe
Jita,2026-08-24 00:00:00,True,,52822000.0,6301841952.0,6.301841952,0.052822,Severe
Jita,2026-08-28 00:00:00,True,,12226088.0,5949718861.0,5.949718861,0.012226088,Moderate
Jita,2026-08-01 00:00:00,True,,157086000.0,5759573750.0,5.75957375,0.157086,Severe
Jita,2026-08-29 00:00:00,True,,2080000.0,4131641783.0,4.131641783,0.00208,Low
Jita,2026-07-30 00:00:00,True,,27493333.333333336,3972182787.12,3.97218278712,0.027493333333333335,Moderate
Jita,2026-07-04 00:00:00,True,,1903000000.0,3845900000.0,3.8459,1.903,Severe
Jita,2026-07-06 00:00:00,True,,1545750.0,3290573583.26,3.29057358326,0.00154575,Low
Jita,2026-08-13 00:00:00,True,11.29,331000000.0,3159229331.05,3.15922933105,0.331,Severe
Jita,2026-06-30 00:00:00,True,,13980000.0,2637634000.0,2.637634,0.01398,Moderate
Amarr,2026-08-02 00:00:00,False,4849000.0,10910250.0,2595016175.92,2.59501617592,0.01091025,Moderate
Jita,2026-06-29 00:00:00,True,333160000.0,334840000.0,2570464000.0,2.570464,0.33484,Severe
Amarr,2026-08-26 00:00:00,False,,131500000.0,1973648183.3,1.9736481833,0.1315,Severe
Jita,2026-08-25 00:00:00,True,,11690000.0,1939210000.0,1.93921,0.01169,Moderate
Jita,2026-08-07 00:00:00,True,,39800000.0,1604870920.0,1.60487092,0.0398,Severe
Jita,2026-07-12 00:00:00,True,200.0,12667333.333333332,1420800844.14,1.4208008441400002,0.012667333333333333,Moderate
Jita,2026-08-06 00:00:00,True,,8742000.0,1383295806.42,1.38329580642,0.008742,Low
Dodixie,2026-08-22 00:00:00,False,,889800.0,1299902680.0,1.29990268,0.0008898,Low
Jita,2026-07-19 00:00:00,True,,170700000.0,1112254355.81,1.11225435581,0.1707,Severe
Jita,2026-07-02 00:00:00,True,,2740000.0,653511887.0799999,0.65351188708,0.00274,Low
Dodixie,2026-08-24 00:00:00,False,,25000000.0,294609840.0,0.29460984,0.025,Moderate
Amarr,2026-07-19 00:00:00,False,,2774000.0,291903400.0,0.2919034,0.002774,Low
Jita,2026-07-15 00:00:00,True,,2579000.0,289240000.0,0.28924,0.002579,Low
Dodixie,2026-07-30 00:00:00,False,,6852000.0,115254400.0,0.1152544,0.006852,Low
Audaerne,2026-07-03 00:00:00,False,,72060000.0,72060000.0,0.07206,0.07206,Severe
Jita,2026-07-07 00:00:00,True,,18200000.0,34200000.0,0.0342,0.0182,Moderate
Airaken,2026-08-27 00:00:00,False,,4800000.0,1200000.0,0.0012,0.0048,Low
