system_name,full_date,is_central_hub,bid_ask_spread,calculated_destroyed_isk,total_trade_volume
Airaken,2026-07-15 00:00:00,false,199,,23880000
Akkio,2026-07-29 00:00:00,false,500,,7068500
Akora,2026-08-07 00:00:00,false,518.6,,1080341429.4
Akora,2026-08-29 00:00:00,false,500,,3332000
Eruka,2026-08-28 00:00:00,false,95.8,,650961
Hampinen,2026-08-11 00:00:00,false,120,,3434520
Jita,2026-06-19 00:00:00,true,102,,1767881973.1999998
Jita,2026-06-22 00:00:00,true,102,,184371018
Jita,2026-06-23 00:00:00,true,101.3,,65033181.8
Jita,2026-06-28 00:00:00,true,100.3,,915962496.1
Jita,2026-07-03 00:00:00,true,-65.7,,6569934.300000001
Jita,2026-07-04 00:00:00,true,33.3,,670135104.1
Jita,2026-07-07 00:00:00,true,-77.5,,38750000
Jita,2026-07-08 00:00:00,true,-78.8,,677414150.8
Jita,2026-07-12 00:00:00,true,117,,174657015
Jita,2026-07-13 00:00:00,true,100,,60785000
Jita,2026-07-14 00:00:00,true,95,,51716300
Jita,2026-07-20 00:00:00,true,100,,6664090
Jita,2026-07-29 00:00:00,true,584.8,,394192627.2
Jita,2026-08-01 00:00:00,true,99.48,,619120632.58
Jita,2026-08-02 00:00:00,true,99.44,,186103829
Jita,2026-08-03 00:00:00,true,99.45,,41634245.25
Jita,2026-08-04 00:00:00,true,99.37,,1806917849.8600001
Jita,2026-08-06 00:00:00,true,97.96,,399099963.84
Jita,2026-08-07 00:00:00,true,97.5,,234278430
Jita,2026-08-09 00:00:00,true,97.03,,2561140600
Jita,2026-08-11 00:00:00,true,-83,,291057100
Jita,2026-08-14 00:00:00,true,123,,1335000000
Jita,2026-08-15 00:00:00,true,109.8,,2745000000
Jita,2026-08-16 00:00:00,true,-65,,1625000
Jita,2026-08-21 00:00:00,true,139.7,,289318.69999999995
Jita,2026-08-22 00:00:00,true,-88,,1320000000
Jita,2026-08-23 00:00:00,true,-78.8,,2482200
Jita,2026-08-26 00:00:00,true,8.89,,1051917935.1000001
Jita,2026-08-27 00:00:00,true,96.81,,995673490.55
Jita,2026-08-28 00:00:00,true,95.91,,671370000
Jita,2026-08-29 00:00:00,true,95.69,,987184175
Jita,2026-08-30 00:00:00,true,95.67,,146197919.16
Jita,2026-08-31 00:00:00,true,95.59,,843127751.5600001
Kisogo,2026-07-12 00:00:00,false,-1,,100000
Mastakomon,2026-08-01 00:00:00,false,400,,4000000
Messoya,2026-06-17 00:00:00,false,450,,62446950
Messoya,2026-06-24 00:00:00,false,449.9,,13873566.299999999
Obe,2026-06-27 00:00:00,false,1053,,37950120
Obe,2026-08-02 00:00:00,false,1000,,90288000
Ohkunen,2026-08-16 00:00:00,false,900,,81000000
Osaa,2026-08-14 00:00:00,false,1000,,1663000
Otosela,2026-07-31 00:00:00,false,500,,17661000
Otsela,2026-08-31 00:00:00,false,95,,42465
Perimeter,2026-07-02 00:00:00,false,-65.5,,13100000
Perimeter,2026-07-03 00:00:00,false,-66.33,,66330000
Perimeter,2026-07-04 00:00:00,false,-70.06,,156602750
Perimeter,2026-08-08 00:00:00,false,-78.95,,39475000
Perimeter,2026-08-11 00:00:00,false,-82.28,,4114000
Perimeter,2026-08-12 00:00:00,false,-67.32,,673199999.9999999
Perimeter,2026-08-14 00:00:00,false,-85.61,,230922000
Perimeter,2026-08-17 00:00:00,false,-86.11,,861100000
Perimeter,2026-08-20 00:00:00,false,-86.62,,3783262327.9
Perimeter,2026-08-31 00:00:00,false,-88.43,,618710000
Reisen,2026-07-11 00:00:00,false,-4.2,,1470000
Tasti,2026-08-06 00:00:00,false,500,,7918500
Uemon,2026-07-22 00:00:00,false,500,,18541000
Vattuolen,2026-07-27 00:00:00,false,99.86,,879766.6
