transaction_id,system_id,issued,type_id,volume_total,destroyed_isk
137213092_12729,30000142,2026-07-24T00:04:04Z,12729,1,
137213196_653,30000142,2026-07-24T00:13:37Z,653,1,
137213210_670,30000142,2026-07-24T00:15:13Z,670,1,
137213271_606,30000142,2026-07-24T00:24:12Z,606,1,
137213283_670,30000142,2026-07-24T00:25:13Z,670,1,
137213439_672,30000142,2026-07-24T00:37:48Z,672,1,
137213467_672,30000142,2026-07-24T00:42:04Z,672,1,
137213475_670,30000142,2026-07-24T00:43:14Z,670,1,
137213481_672,30000142,2026-07-24T00:44:09Z,672,1,
137213495_672,30000142,2026-07-24T00:45:13Z,672,1,
137213496_670,30000142,2026-07-24T00:45:14Z,670,1,
137213508_11134,30000142,2026-07-24T00:46:01Z,11134,1,
137213513_670,30000142,2026-07-24T00:46:14Z,670,1,
137213574_601,30000142,2026-07-24T00:52:55Z,601,1,
137213583_670,30000142,2026-07-24T00:54:14Z,670,1,
137213653_601,30000142,2026-07-24T01:02:10Z,601,1,
137213666_670,30000142,2026-07-24T01:03:14Z,670,1,
137213700_603,30000142,2026-07-24T01:05:14Z,603,1,
137213703_670,30000142,2026-07-24T01:05:22Z,670,1,
137213789_594,30000142,2026-07-24T01:10:52Z,594,1,
137213818_670,30000142,2026-07-24T01:12:14Z,670,1,
137213870_670,30000142,2026-07-24T01:15:14Z,670,1,
137213877_601,30000142,2026-07-24T01:15:54Z,601,1,
137213897_670,30000142,2026-07-24T01:17:14Z,670,1,
137213902_601,30000142,2026-07-24T01:17:22Z,601,1,
137213913_653,30000142,2026-07-24T01:18:39Z,653,1,
137213916_627,30000142,2026-07-24T01:18:48Z,627,1,
137213937_601,30000142,2026-07-24T01:19:41Z,601,1,
137213946_670,30000142,2026-07-24T01:20:14Z,670,1,
137213947_670,30000142,2026-07-24T01:20:14Z,670,1,
137213960_601,30000142,2026-07-24T01:20:40Z,601,1,
137213963_670,30000142,2026-07-24T01:21:14Z,670,1,
137214021_654,30000142,2026-07-24T01:24:54Z,654,1,
137214086_621,30000142,2026-07-24T01:30:03Z,621,1,
137214100_670,30000142,2026-07-24T01:31:14Z,670,1,
137214108_4310,30000142,2026-07-24T01:31:43Z,4310,1,
137214110_4310,30000142,2026-07-24T01:31:51Z,4310,1,
137214121_32876,30000142,2026-07-24T01:32:37Z,32876,1,
137214136_601,30000142,2026-07-24T01:33:49Z,601,1,
137214152_603,30000142,2026-07-24T01:34:43Z,603,1,
137214153_670,30000142,2026-07-24T01:34:54Z,670,1,
137214160_670,30000142,2026-07-24T01:35:14Z,670,1,
137214172_601,30000142,2026-07-24T01:36:23Z,601,1,
137214173_623,30000142,2026-07-24T01:36:31Z,623,1,
137214191_670,30000142,2026-07-24T01:37:14Z,670,1,
137214194_650,30000142,2026-07-24T01:37:50Z,650,1,
137214209_623,30000142,2026-07-24T01:39:12Z,623,1,
137214223_670,30000142,2026-07-24T01:40:15Z,670,1,
137214262_602,30000142,2026-07-24T01:44:17Z,602,1,
137214274_670,30000142,2026-07-24T01:45:15Z,670,1,
137214362_12753,30000142,2026-07-24T01:50:16Z,12753,1,
137214399_603,30000142,2026-07-24T01:52:20Z,603,1,
137214408_670,30000142,2026-07-24T01:53:15Z,670,1,
137214431_32872,30000142,2026-07-24T01:54:21Z,32872,1,
137214474_670,30000142,2026-07-24T01:55:15Z,670,1,
137214526_629,30000142,2026-07-24T01:58:10Z,629,1,
137214538_670,30000142,2026-07-24T01:59:15Z,670,1,
137214552_670,30000142,2026-07-24T02:00:15Z,670,1,
137214568_670,30000142,2026-07-24T02:01:15Z,670,1,
137214580_17634,30000142,2026-07-24T02:02:37Z,17634,1,
137214582_670,30000142,2026-07-24T02:02:44Z,670,1,
137214608_32880,30000142,2026-07-24T02:05:07Z,32880,1,
137214613_670,30000142,2026-07-24T02:05:15Z,670,1,
137214629_670,30000142,2026-07-24T02:06:15Z,670,1,
137214630_670,30000142,2026-07-24T02:06:15Z,670,1,
137214643_11129,30000142,2026-07-24T02:07:29Z,11129,1,
137214654_670,30000142,2026-07-24T02:08:15Z,670,1,
137214655_670,30000142,2026-07-24T02:08:15Z,670,1,
137214664_670,30000142,2026-07-24T02:09:15Z,670,1,
137214672_670,30000142,2026-07-24T02:10:15Z,670,1,
137214697_670,30000142,2026-07-24T02:13:15Z,670,1,
137214711_670,30000142,2026-07-24T02:14:15Z,670,1,
137214723_32876,30000142,2026-07-24T02:15:33Z,32876,1,
137214749_4310,30000142,2026-07-24T02:16:16Z,4310,1,
137214769_670,30000142,2026-07-24T02:17:15Z,670,1,
137214770_670,30000142,2026-07-24T02:17:15Z,670,1,
137214811_670,30000142,2026-07-24T02:19:15Z,670,1,
137214819_670,30000142,2026-07-24T02:20:15Z,670,1,
137214831_670,30000142,2026-07-24T02:21:16Z,670,1,
137214868_606,30000142,2026-07-24T02:25:00Z,606,1,
137214880_670,30000142,2026-07-24T02:26:16Z,670,1,
137214894_670,30000142,2026-07-24T02:27:16Z,670,1,
137214899_34828,30000142,2026-07-24T02:27:41Z,34828,1,
137214905_35683,30000142,2026-07-24T02:28:05Z,35683,1,
137214925_670,30000142,2026-07-24T02:29:16Z,670,1,
137214926_670,30000142,2026-07-24T02:29:16Z,670,1,
137214931_16238,30000142,2026-07-24T02:29:24Z,16238,1,
137214932_670,30000142,2026-07-24T02:29:31Z,670,1,
137214941_670,30000142,2026-07-24T02:30:16Z,670,1,
137215029_34828,30000142,2026-07-24T02:36:47Z,34828,1,
137215042_670,30000142,2026-07-24T02:38:16Z,670,1,
137215151_601,30000142,2026-07-24T02:47:46Z,601,1,
137215181_670,30000142,2026-07-24T02:49:16Z,670,1,
137215330_640,30000142,2026-07-24T02:58:31Z,640,1,
137215336_601,30000142,2026-07-24T02:58:48Z,601,1,
137215341_670,30000142,2026-07-24T02:59:16Z,670,1,
137215349_670,30000142,2026-07-24T03:00:16Z,670,1,
137215359_601,30000142,2026-07-24T03:00:33Z,601,1,
137215370_670,30000142,2026-07-24T03:01:16Z,670,1,
137215392_601,30000142,2026-07-24T03:02:22Z,601,1,
137215407_670,30000142,2026-07-24T03:03:16Z,670,1,
137215412_16236,30000142,2026-07-24T03:03:32Z,16236,1,
137215449_583,30000142,2026-07-24T03:06:10Z,583,1,
137215469_670,30000142,2026-07-24T03:07:16Z,670,1,
137215533_601,30000142,2026-07-24T03:10:51Z,601,1,
137215576_32880,30000142,2026-07-24T03:15:11Z,32880,1,
137215577_670,30000142,2026-07-24T03:15:16Z,670,1,
137215586_606,30000142,2026-07-24T03:16:40Z,606,1,
137215598_17636,30000142,2026-07-24T03:18:15Z,17636,1,
137215600_670,30000142,2026-07-24T03:18:16Z,670,1,
137215602_670,30000142,2026-07-24T03:18:21Z,670,1,
137215653_605,30000142,2026-07-24T03:22:42Z,605,1,
137215821_16240,30000142,2026-07-24T03:36:00Z,16240,1,
137215847_670,30000142,2026-07-24T03:38:17Z,670,1,
137215922_670,30000142,2026-07-24T03:45:17Z,670,1,
137215954_603,30000142,2026-07-24T03:47:55Z,603,1,
137215963_606,30000142,2026-07-24T03:48:53Z,606,1,
137215968_670,30000142,2026-07-24T03:49:17Z,670,1,
137215997_657,30000142,2026-07-24T03:52:49Z,657,1,
137216234_11182,30000142,2026-07-24T04:15:18Z,11182,1,
137216242_670,30000142,2026-07-24T04:16:17Z,670,1,
137216281_670,30000142,2026-07-24T04:20:17Z,670,1,
137216314_601,30000142,2026-07-24T04:24:05Z,601,1,
137216315_670,30000142,2026-07-24T04:24:12Z,670,1,
137216371_649,30000142,2026-07-24T04:29:18Z,649,1,
137216439_4306,30000142,2026-07-24T04:36:51Z,4306,1,
137216453_670,30000142,2026-07-24T04:38:17Z,670,1,
137216585_585,30000142,2026-07-24T04:46:17Z,585,1,
137216604_670,30000142,2026-07-24T04:47:17Z,670,1,
137216742_601,30000142,2026-07-24T05:01:41Z,601,1,
137216830_11198,30000142,2026-07-24T05:09:17Z,11198,1,
137216835_4310,30000142,2026-07-24T05:09:23Z,4310,1,
137216841_670,30000142,2026-07-24T05:10:17Z,670,1,
137217047_652,30000142,2026-07-24T05:33:35Z,652,1,
137217049_4310,30000142,2026-07-24T05:33:42Z,4310,1,
137217443_605,30000142,2026-07-24T06:11:44Z,605,1,
137217481_11132,30000142,2026-07-24T06:16:54Z,11132,1,
137218037_649,30000142,2026-07-24T07:18:04Z,649,1,
137218199_601,30000142,2026-07-24T07:31:32Z,601,1,
137218216_4310,30000142,2026-07-24T07:33:49Z,4310,1,
137218220_588,30000142,2026-07-24T07:34:04Z,588,1,
137218236_588,30000142,2026-07-24T07:35:20Z,588,1,
137218265_606,30000142,2026-07-24T07:37:39Z,606,1,
137218267_601,30000142,2026-07-24T07:37:47Z,601,1,
137218291_588,30000142,2026-07-24T07:40:18Z,588,1,
137218318_588,30000142,2026-07-24T07:43:29Z,588,1,
137218337_601,30000142,2026-07-24T07:45:26Z,601,1,
137218356_606,30000142,2026-07-24T07:46:49Z,606,1,
137218383_606,30000142,2026-07-24T07:49:59Z,606,1,
137218384_12729,30000142,2026-07-24T07:50:02Z,12729,1,
137218412_588,30000142,2026-07-24T07:52:40Z,588,1,
137218417_601,30000142,2026-07-24T07:53:20Z,601,1,
137218454_606,30000142,2026-07-24T07:56:44Z,606,1,
137218479_606,30000142,2026-07-24T08:00:01Z,606,1,
137218709_12743,30000142,2026-07-24T08:17:16Z,12743,1,
137218711_4310,30000142,2026-07-24T08:17:23Z,4310,1,
137218987_607,30000142,2026-07-24T08:38:13Z,607,1,
137219084_601,30000142,2026-07-24T08:47:34Z,601,1,
137219111_606,30000142,2026-07-24T08:51:00Z,606,1,
137219122_606,30000142,2026-07-24T08:52:39Z,606,1,
137219135_4310,30000142,2026-07-24T08:54:24Z,4310,1,
137219145_601,30000142,2026-07-24T08:55:44Z,601,1,
137219192_606,30000142,2026-07-24T09:00:49Z,606,1,
137219197_588,30000142,2026-07-24T09:01:10Z,588,1,
137219260_606,30000142,2026-07-24T09:04:57Z,606,1,
137219269_606,30000142,2026-07-24T09:05:29Z,606,1,
137219270_588,30000142,2026-07-24T09:05:46Z,588,1,
137219289_588,30000142,2026-07-24T09:06:39Z,588,1,
137219305_606,30000142,2026-07-24T09:07:43Z,606,1,
137219523_11132,30000142,2026-07-24T09:26:55Z,11132,1,
137219539_670,30000142,2026-07-24T09:28:19Z,670,1,
137219540_11132,30000142,2026-07-24T09:28:21Z,11132,1,
137219600_4310,30000142,2026-07-24T09:34:44Z,4310,1,
137219902_606,30000142,2026-07-24T09:52:56Z,606,1,
137220108_4310,30000142,2026-07-24T10:12:36Z,4310,1,
137220112_4310,30000142,2026-07-24T10:12:44Z,4310,1,
137220364_4310,30000142,2026-07-24T10:40:15Z,4310,1,
137220409_11132,30000142,2026-07-24T10:44:52Z,11132,1,
137220410_11132,30000142,2026-07-24T10:44:59Z,11132,1,
137220664_11134,30000142,2026-07-24T11:24:34Z,11134,1,
137221502_17715,30000142,2026-07-24T12:34:31Z,17715,1,
137221538_670,30000142,2026-07-24T12:35:40Z,670,1,
137221601_12743,30000142,2026-07-24T12:40:02Z,12743,1,
137222072_601,30000142,2026-07-24T13:08:17Z,601,1,
137222073_670,30000142,2026-07-24T13:08:26Z,670,1,
137222350_4310,30000142,2026-07-24T13:23:10Z,4310,1,
137223685_12745,30000142,2026-07-24T14:24:18Z,12745,1,
137224073_33153,30000142,2026-07-24T14:42:12Z,33153,1,
137225613_588,30000142,2026-07-24T15:50:24Z,588,1,
137225718_670,30000142,2026-07-24T15:57:13Z,670,1,
137225817_588,30000142,2026-07-24T16:02:41Z,588,1,
137226860_4310,30000142,2026-07-24T16:23:33Z,4310,1,
137227137_649,30000142,2026-07-24T16:35:36Z,649,1,
137227141_4310,30000142,2026-07-24T16:35:44Z,4310,1,
137228399_32880,30000142,2026-07-24T17:25:57Z,32880,1,
137228936_22470,30000142,2026-07-24T17:46:26Z,22470,1,
137228946_670,30000142,2026-07-24T17:46:45Z,670,1,
137228949_4310,30000142,2026-07-24T17:46:54Z,4310,1,
137230037_12044,30000142,2026-07-24T18:46:53Z,12044,1,
137230200_587,30000142,2026-07-24T18:58:19Z,587,1,
137230399_12743,30000142,2026-07-24T19:07:57Z,12743,1,
137230614_587,30000142,2026-07-24T19:19:16Z,587,1,
137230753_670,30000142,2026-07-24T19:25:43Z,670,1,
137231570_587,30000142,2026-07-24T20:02:22Z,587,1,
137231577_670,30000142,2026-07-24T20:02:32Z,670,1,
137232952_16242,30000142,2026-07-24T20:57:05Z,16242,1,
137232977_670,30000142,2026-07-24T20:57:44Z,670,1,
137233240_72812,30000142,2026-07-24T21:07:28Z,72812,1,
137233504_657,30000142,2026-07-24T21:20:14Z,657,1,
137233506_4310,30000142,2026-07-24T21:20:19Z,4310,1,
137234037_670,30000142,2026-07-24T21:40:44Z,670,1,
137234264_583,30000142,2026-07-24T21:52:41Z,583,1,
137234284_670,30000142,2026-07-24T21:53:45Z,670,1,
137235241_606,30000142,2026-07-24T22:50:12Z,606,1,
137235250_601,30000142,2026-07-24T22:50:43Z,601,1,
137235286_601,30000142,2026-07-24T22:53:00Z,601,1,
137235328_601,30000142,2026-07-24T22:55:52Z,601,1,
137235351_601,30000142,2026-07-24T22:57:57Z,601,1,
137235352_621,30000142,2026-07-24T22:58:02Z,621,1,
